{"cameraMode":{"drawMode":0,"name":"Shaded","section":"Shading Mode"},"sceneLighting":true,"audioPlay":false,"sceneViewState":{"showFog":true,"showMaterialUpdate":false,"showSkybox":true,"showFlares":true,"showImageEffects":true,"showParticleSystems":true},"in2DMode":false,"pivot":{"x":2.5654797554016115,"y":0.47290563583374026,"z":1.0813058614730836},"rotation":{"x":-0.0799013078212738,"y":0.9009736776351929,"z":-0.18809272348880769,"w":-0.3827316164970398},"size":10.0,"orthographic":false}